"filename", "language", "C#", "XML", "JavaScript", "HTML", "CSS", "Python", "JSON", "comment", "blank", "total"
"e:\Materials\【LOOP】\Assignment\miniSys0.3\AddDescription.Designer.cs", "C#", 137, 0, 0, 0, 0, 0, 0, 29, 5, 171
"e:\Materials\【LOOP】\Assignment\miniSys0.3\AddDescription.cs", "C#", 134, 0, 0, 0, 0, 0, 0, 0, 31, 165
"e:\Materials\【LOOP】\Assignment\miniSys0.3\CommonlyControls.Designer.cs", "C#", 418, 0, 0, 0, 0, 0, 0, 107, 6, 531
"e:\Materials\【LOOP】\Assignment\miniSys0.3\CommonlyControls.cs", "C#", 19, 0, 0, 0, 0, 0, 0, 0, 2, 21
"e:\Materials\【LOOP】\Assignment\miniSys0.3\ControlEvent.cs", "C#", 154, 0, 0, 0, 0, 0, 0, 0, 17, 171
"e:\Materials\【LOOP】\Assignment\miniSys0.3\Controls\Login\UC_Login.Designer.cs", "C#", 209, 0, 0, 0, 0, 0, 0, 47, 7, 263
"e:\Materials\【LOOP】\Assignment\miniSys0.3\Controls\Login\UC_Login.cs", "C#", 278, 0, 0, 0, 0, 0, 0, 7, 37, 322
"e:\Materials\【LOOP】\Assignment\miniSys0.3\Controls\Login\UC_forgotPws.Designer.cs", "C#", 236, 0, 0, 0, 0, 0, 0, 50, 6, 292
"e:\Materials\【LOOP】\Assignment\miniSys0.3\Controls\Login\UC_forgotPws.cs", "C#", 286, 0, 0, 0, 0, 0, 0, 0, 25, 311
"e:\Materials\【LOOP】\Assignment\miniSys0.3\Controls\MainArea\UC_Cus_OrderDetails.Designer.cs", "C#", 631, 0, 0, 0, 0, 0, 0, 152, 6, 789
"e:\Materials\【LOOP】\Assignment\miniSys0.3\Controls\MainArea\UC_Cus_OrderDetails.cs", "C#", 348, 0, 0, 0, 0, 0, 0, 4, 64, 416
"e:\Materials\【LOOP】\Assignment\miniSys0.3\Controls\MainArea\UC_Cus_dashboard.Designer.cs", "C#", 721, 0, 0, 0, 0, 0, 0, 164, 7, 892
"e:\Materials\【LOOP】\Assignment\miniSys0.3\Controls\MainArea\UC_Cus_dashboard.cs", "C#", 530, 0, 0, 0, 0, 0, 0, 3, 83, 616
"e:\Materials\【LOOP】\Assignment\miniSys0.3\Controls\MainArea\UC_IncomeAnalysis.Designer.cs", "C#", 65, 0, 0, 0, 0, 0, 0, 23, 7, 95
"e:\Materials\【LOOP】\Assignment\miniSys0.3\Controls\MainArea\UC_IncomeAnalysis.cs", "C#", 292, 0, 0, 0, 0, 0, 0, 16, 63, 371
"e:\Materials\【LOOP】\Assignment\miniSys0.3\Controls\MainArea\UC_Payment.Designer.cs", "C#", 73, 0, 0, 0, 0, 0, 0, 26, 7, 106
"e:\Materials\【LOOP】\Assignment\miniSys0.3\Controls\MainArea\UC_Payment.cs", "C#", 52, 0, 0, 0, 0, 0, 0, 2, 10, 64
"e:\Materials\【LOOP】\Assignment\miniSys0.3\Controls\MainArea\UC_Registration .Designer.cs", "C#", 156, 0, 0, 0, 0, 0, 0, 44, 7, 207
"e:\Materials\【LOOP】\Assignment\miniSys0.3\Controls\MainArea\UC_Registration .cs", "C#", 174, 0, 0, 0, 0, 0, 0, 7, 42, 223
"e:\Materials\【LOOP】\Assignment\miniSys0.3\Controls\MainArea\UC_ServiceReport.Designer.cs", "C#", 65, 0, 0, 0, 0, 0, 0, 23, 7, 95
"e:\Materials\【LOOP】\Assignment\miniSys0.3\Controls\MainArea\UC_ServiceReport.cs", "C#", 366, 0, 0, 0, 0, 0, 0, 20, 40, 426
"e:\Materials\【LOOP】\Assignment\miniSys0.3\Controls\MainArea\UC_TaskCards.Designer.cs", "C#", 280, 0, 0, 0, 0, 0, 0, 77, 7, 364
"e:\Materials\【LOOP】\Assignment\miniSys0.3\Controls\MainArea\UC_TaskCards.cs", "C#", 301, 0, 0, 0, 0, 0, 0, 17, 62, 380
"e:\Materials\【LOOP】\Assignment\miniSys0.3\Controls\MainArea\UC_TaskList.Designer.cs", "C#", 264, 0, 0, 0, 0, 0, 0, 65, 7, 336
"e:\Materials\【LOOP】\Assignment\miniSys0.3\Controls\MainArea\UC_TaskList.cs", "C#", 501, 0, 0, 0, 0, 0, 0, 85, 95, 681
"e:\Materials\【LOOP】\Assignment\miniSys0.3\Controls\MainArea\UC_UserInfo.Designer.cs", "C#", 433, 0, 0, 0, 0, 0, 0, 104, 6, 543
"e:\Materials\【LOOP】\Assignment\miniSys0.3\Controls\MainArea\UC_UserInfo.cs", "C#", 218, 0, 0, 0, 0, 0, 0, 2, 52, 272
"e:\Materials\【LOOP】\Assignment\miniSys0.3\Controls\MainArea\UC_UserSetting.Designer.cs", "C#", 364, 0, 0, 0, 0, 0, 0, 86, 6, 456
"e:\Materials\【LOOP】\Assignment\miniSys0.3\Controls\MainArea\UC_UserSetting.cs", "C#", 307, 0, 0, 0, 0, 0, 0, 16, 85, 408
"e:\Materials\【LOOP】\Assignment\miniSys0.3\Controls\MainArea\UC_main.Designer.cs", "C#", 965, 0, 0, 0, 0, 0, 0, 221, 7, 1193
"e:\Materials\【LOOP】\Assignment\miniSys0.3\Controls\MainArea\UC_main.cs", "C#", 905, 0, 0, 0, 0, 0, 0, 48, 157, 1110
"e:\Materials\【LOOP】\Assignment\miniSys0.3\Controls\Navmenu\UC_A_Navmenu.Designer.cs", "C#", 135, 0, 0, 0, 0, 0, 0, 20, 7, 162
"e:\Materials\【LOOP】\Assignment\miniSys0.3\Controls\Navmenu\UC_A_Navmenu.cs", "C#", 106, 0, 0, 0, 0, 0, 0, 11, 21, 138
"e:\Materials\【LOOP】\Assignment\miniSys0.3\Controls\Navmenu\UC_C_Navmenu.Designer.cs", "C#", 109, 0, 0, 0, 0, 0, 0, 20, 7, 136
"e:\Materials\【LOOP】\Assignment\miniSys0.3\Controls\Navmenu\UC_C_Navmenu.cs", "C#", 92, 0, 0, 0, 0, 0, 0, 4, 19, 115
"e:\Materials\【LOOP】\Assignment\miniSys0.3\Controls\Navmenu\UC_R_Navmenu.Designer.cs", "C#", 113, 0, 0, 0, 0, 0, 0, 20, 7, 140
"e:\Materials\【LOOP】\Assignment\miniSys0.3\Controls\Navmenu\UC_R_Navmenu.cs", "C#", 91, 0, 0, 0, 0, 0, 0, 4, 17, 112
"e:\Materials\【LOOP】\Assignment\miniSys0.3\Controls\Navmenu\UC_T_Navmenu.Designer.cs", "C#", 113, 0, 0, 0, 0, 0, 0, 20, 7, 140
"e:\Materials\【LOOP】\Assignment\miniSys0.3\Controls\Navmenu\UC_T_Navmenu.cs", "C#", 91, 0, 0, 0, 0, 0, 0, 4, 21, 116
"e:\Materials\【LOOP】\Assignment\miniSys0.3\Controls\Navmenu\UC_Test.Designer.cs", "C#", 151, 0, 0, 0, 0, 0, 0, 20, 7, 178
"e:\Materials\【LOOP】\Assignment\miniSys0.3\Controls\Navmenu\UC_Test.cs", "C#", 85, 0, 0, 0, 0, 0, 0, 0, 5, 90
"e:\Materials\【LOOP】\Assignment\miniSys0.3\Controls\Others\UC_BasicInfo.Designer.cs", "C#", 282, 0, 0, 0, 0, 0, 0, 62, 7, 351
"e:\Materials\【LOOP】\Assignment\miniSys0.3\Controls\Others\UC_BasicInfo.cs", "C#", 207, 0, 0, 0, 0, 0, 0, 0, 37, 244
"e:\Materials\【LOOP】\Assignment\miniSys0.3\Controls\Others\UC_Message_Card.Designer.cs", "C#", 123, 0, 0, 0, 0, 0, 0, 35, 7, 165
"e:\Materials\【LOOP】\Assignment\miniSys0.3\Controls\Others\UC_Message_Card.cs", "C#", 123, 0, 0, 0, 0, 0, 0, 7, 23, 153
"e:\Materials\【LOOP】\Assignment\miniSys0.3\Controls\Others\UC_Pagination.Designer.cs", "C#", 509, 0, 0, 0, 0, 0, 0, 62, 7, 578
"e:\Materials\【LOOP】\Assignment\miniSys0.3\Controls\Others\UC_Pagination.cs", "C#", 944, 0, 0, 0, 0, 0, 0, 33, 97, 1074
"e:\Materials\【LOOP】\Assignment\miniSys0.3\Controls\Others\UC_Recent_Repair_Card.Designer.cs", "C#", 94, 0, 0, 0, 0, 0, 0, 29, 7, 130
"e:\Materials\【LOOP】\Assignment\miniSys0.3\Controls\Others\UC_Recent_Repair_Card.cs", "C#", 60, 0, 0, 0, 0, 0, 0, 0, 12, 72
"e:\Materials\【LOOP】\Assignment\miniSys0.3\Controls\Others\UC_ReciptComplete.Designer.cs", "C#", 605, 0, 0, 0, 0, 0, 0, 143, 7, 755
"e:\Materials\【LOOP】\Assignment\miniSys0.3\Controls\Others\UC_ReciptComplete.cs", "C#", 272, 0, 0, 0, 0, 0, 0, 3, 61, 336
"e:\Materials\【LOOP】\Assignment\miniSys0.3\Controls\Others\UC_ReciptSubmit.Designer.cs", "C#", 300, 0, 0, 0, 0, 0, 0, 65, 7, 372
"e:\Materials\【LOOP】\Assignment\miniSys0.3\Controls\Others\UC_ReciptSubmit.cs", "C#", 284, 0, 0, 0, 0, 0, 0, 3, 59, 346
"e:\Materials\【LOOP】\Assignment\miniSys0.3\Controls\Others\UC_Registe_Complete.Designer.cs", "C#", 223, 0, 0, 0, 0, 0, 0, 53, 7, 283
"e:\Materials\【LOOP】\Assignment\miniSys0.3\Controls\Others\UC_Registe_Complete.cs", "C#", 102, 0, 0, 0, 0, 0, 0, 0, 20, 122
"e:\Materials\【LOOP】\Assignment\miniSys0.3\Controls\Others\UC_Registe_Customer_Basicinfo.Designer.cs", "C#", 127, 0, 0, 0, 0, 0, 0, 32, 7, 166
"e:\Materials\【LOOP】\Assignment\miniSys0.3\Controls\Others\UC_Registe_Customer_Basicinfo.cs", "C#", 82, 0, 0, 0, 0, 0, 0, 0, 14, 96
"e:\Materials\【LOOP】\Assignment\miniSys0.3\Controls\Others\UC_Registe_Staff_Basicinfo.Designer.cs", "C#", 280, 0, 0, 0, 0, 0, 0, 59, 7, 346
"e:\Materials\【LOOP】\Assignment\miniSys0.3\Controls\Others\UC_Registe_Staff_Basicinfo.cs", "C#", 174, 0, 0, 0, 0, 0, 0, 3, 34, 211
"e:\Materials\【LOOP】\Assignment\miniSys0.3\Controls\Others\UC_Registe_detaildinfo.Designer.cs", "C#", 381, 0, 0, 0, 0, 0, 0, 74, 7, 462
"e:\Materials\【LOOP】\Assignment\miniSys0.3\Controls\Others\UC_Registe_detaildinfo.cs", "C#", 231, 0, 0, 0, 0, 0, 0, 10, 30, 271
"e:\Materials\【LOOP】\Assignment\miniSys0.3\Controls\Others\UC_SecureSet.Designer.cs", "C#", 362, 0, 0, 0, 0, 0, 0, 68, 7, 437
"e:\Materials\【LOOP】\Assignment\miniSys0.3\Controls\Others\UC_SecureSet.cs", "C#", 461, 0, 0, 0, 0, 0, 0, 1, 96, 558
"e:\Materials\【LOOP】\Assignment\miniSys0.3\Controls\Others\UC_StaffCard1.Designer.cs", "C#", 61, 0, 0, 0, 0, 0, 0, 23, 7, 91
"e:\Materials\【LOOP】\Assignment\miniSys0.3\Controls\Others\UC_StaffCard1.cs", "C#", 31, 0, 0, 0, 0, 0, 0, 0, 4, 35
"e:\Materials\【LOOP】\Assignment\miniSys0.3\Controls\Others\UC_Task_Card.Designer.cs", "C#", 191, 0, 0, 0, 0, 0, 0, 44, 7, 242
"e:\Materials\【LOOP】\Assignment\miniSys0.3\Controls\Others\UC_Task_Card.cs", "C#", 178, 0, 0, 0, 0, 0, 0, 0, 40, 218
"e:\Materials\【LOOP】\Assignment\miniSys0.3\Controls\Others\UC_Task_Item.Designer.cs", "C#", 163, 0, 0, 0, 0, 0, 0, 38, 6, 207
"e:\Materials\【LOOP】\Assignment\miniSys0.3\Controls\Others\UC_Task_Item.cs", "C#", 120, 0, 0, 0, 0, 0, 0, 4, 27, 151
"e:\Materials\【LOOP】\Assignment\miniSys0.3\Controls\Others\UrC_Crumbs.Designer.cs", "C#", 74, 0, 0, 0, 0, 0, 0, 23, 7, 104
"e:\Materials\【LOOP】\Assignment\miniSys0.3\Controls\Others\UrC_Crumbs.cs", "C#", 31, 0, 0, 0, 0, 0, 0, 0, 4, 35
"e:\Materials\【LOOP】\Assignment\miniSys0.3\Controls\Settings\UC_Setting_Expost.Designer.cs", "C#", 118, 0, 0, 0, 0, 0, 0, 35, 7, 160
"e:\Materials\【LOOP】\Assignment\miniSys0.3\Controls\Settings\UC_Setting_Expost.cs", "C#", 154, 0, 0, 0, 0, 0, 0, 11, 35, 200
"e:\Materials\【LOOP】\Assignment\miniSys0.3\Controls\Settings\UC_Setting_General.Designer.cs", "C#", 137, 0, 0, 0, 0, 0, 0, 38, 7, 182
"e:\Materials\【LOOP】\Assignment\miniSys0.3\Controls\Settings\UC_Setting_General.cs", "C#", 111, 0, 0, 0, 0, 0, 0, 3, 15, 129
"e:\Materials\【LOOP】\Assignment\miniSys0.3\Controls\Settings\UC_Setting_Message.Designer.cs", "C#", 130, 0, 0, 0, 0, 0, 0, 38, 6, 174
"e:\Materials\【LOOP】\Assignment\miniSys0.3\Controls\Settings\UC_Setting_Message.cs", "C#", 65, 0, 0, 0, 0, 0, 0, 0, 9, 74
"e:\Materials\【LOOP】\Assignment\miniSys0.3\Controls\Settings\UC_Setting_Privacy.Designer.cs", "C#", 150, 0, 0, 0, 0, 0, 0, 41, 6, 197
"e:\Materials\【LOOP】\Assignment\miniSys0.3\Controls\Settings\UC_Setting_Privacy.cs", "C#", 71, 0, 0, 0, 0, 0, 0, 0, 9, 80
"e:\Materials\【LOOP】\Assignment\miniSys0.3\CsharpRepairerIncDataSet.Designer.cs", "C#", 8451, 0, 0, 0, 0, 0, 0, 117, 737, 9305
"e:\Materials\【LOOP】\Assignment\miniSys0.3\CsharpRepairerIncDataSet.xsd", "XML", 0, 1004, 0, 0, 0, 0, 0, 0, 0, 1004
"e:\Materials\【LOOP】\Assignment\miniSys0.3\FormFloating.Designer.cs", "C#", 138, 0, 0, 0, 0, 0, 0, 29, 6, 173
"e:\Materials\【LOOP】\Assignment\miniSys0.3\FormFloating.cs", "C#", 120, 0, 0, 0, 0, 0, 0, 9, 21, 150
"e:\Materials\【LOOP】\Assignment\miniSys0.3\Html\Articles\Art000001.html", "HTML", 0, 0, 0, 47, 0, 0, 0, 0, 3, 50
"e:\Materials\【LOOP】\Assignment\miniSys0.3\Html\Articles\Art000002.html", "HTML", 0, 0, 0, 1, 0, 0, 0, 0, 0, 1
"e:\Materials\【LOOP】\Assignment\miniSys0.3\Html\Articles\Art000003.html", "HTML", 0, 0, 0, 1, 0, 0, 0, 0, 0, 1
"e:\Materials\【LOOP】\Assignment\miniSys0.3\Html\Articles\Art000004.html", "HTML", 0, 0, 0, 1, 0, 0, 0, 0, 0, 1
"e:\Materials\【LOOP】\Assignment\miniSys0.3\Html\Articles\Art000005.html", "HTML", 0, 0, 0, 1, 0, 0, 0, 0, 0, 1
"e:\Materials\【LOOP】\Assignment\miniSys0.3\Html\Articles\Art000006.html", "HTML", 0, 0, 0, 1, 0, 0, 0, 0, 0, 1
"e:\Materials\【LOOP】\Assignment\miniSys0.3\Html\Articles\Art000007.html", "HTML", 0, 0, 0, 1, 0, 0, 0, 0, 0, 1
"e:\Materials\【LOOP】\Assignment\miniSys0.3\Html\Articles\Art000008.html", "HTML", 0, 0, 0, 1, 0, 0, 0, 0, 0, 1
"e:\Materials\【LOOP】\Assignment\miniSys0.3\Html\Articles\Art000009.html", "HTML", 0, 0, 0, 1, 0, 0, 0, 0, 0, 1
"e:\Materials\【LOOP】\Assignment\miniSys0.3\Html\Articles\Art000010.html", "HTML", 0, 0, 0, 1, 0, 0, 0, 0, 0, 1
"e:\Materials\【LOOP】\Assignment\miniSys0.3\Html\Articles\Art000011.html", "HTML", 0, 0, 0, 1, 0, 0, 0, 0, 0, 1
"e:\Materials\【LOOP】\Assignment\miniSys0.3\Html\Articles\Art000012.html", "HTML", 0, 0, 0, 1, 0, 0, 0, 0, 0, 1
"e:\Materials\【LOOP】\Assignment\miniSys0.3\Html\Articles\Art000013.html", "HTML", 0, 0, 0, 1, 0, 0, 0, 0, 0, 1
"e:\Materials\【LOOP】\Assignment\miniSys0.3\Html\Articles\Art000014.html", "HTML", 0, 0, 0, 1, 0, 0, 0, 0, 0, 1
"e:\Materials\【LOOP】\Assignment\miniSys0.3\Html\Articles\Art000015.html", "HTML", 0, 0, 0, 1, 0, 0, 0, 0, 0, 1
"e:\Materials\【LOOP】\Assignment\miniSys0.3\Html\Articles\Art000016.html", "HTML", 0, 0, 0, 1, 0, 0, 0, 0, 0, 1
"e:\Materials\【LOOP】\Assignment\miniSys0.3\Html\Articles\Art000017.html", "HTML", 0, 0, 0, 1, 0, 0, 0, 0, 0, 1
"e:\Materials\【LOOP】\Assignment\miniSys0.3\Html\Articles\Art000018.html", "HTML", 0, 0, 0, 1, 0, 0, 0, 0, 0, 1
"e:\Materials\【LOOP】\Assignment\miniSys0.3\Html\Articles\Art000019.html", "HTML", 0, 0, 0, 1, 0, 0, 0, 0, 0, 1
"e:\Materials\【LOOP】\Assignment\miniSys0.3\Html\Articles\Art000020.html", "HTML", 0, 0, 0, 1, 0, 0, 0, 0, 0, 1
"e:\Materials\【LOOP】\Assignment\miniSys0.3\Html\Articles\Art000021.html", "HTML", 0, 0, 0, 1, 0, 0, 0, 0, 0, 1
"e:\Materials\【LOOP】\Assignment\miniSys0.3\Html\Articles\Art000022.html", "HTML", 0, 0, 0, 1, 0, 0, 0, 0, 0, 1
"e:\Materials\【LOOP】\Assignment\miniSys0.3\Html\Articles\Art000023.html", "HTML", 0, 0, 0, 1, 0, 0, 0, 0, 0, 1
"e:\Materials\【LOOP】\Assignment\miniSys0.3\Html\Articles\Art000024.html", "HTML", 0, 0, 0, 1, 0, 0, 0, 0, 0, 1
"e:\Materials\【LOOP】\Assignment\miniSys0.3\Html\Articles\Art000025.html", "HTML", 0, 0, 0, 1, 0, 0, 0, 0, 0, 1
"e:\Materials\【LOOP】\Assignment\miniSys0.3\Html\Articles\Art000026.html", "HTML", 0, 0, 0, 1, 0, 0, 0, 0, 0, 1
"e:\Materials\【LOOP】\Assignment\miniSys0.3\Html\Articles\Art000027.html", "HTML", 0, 0, 0, 1, 0, 0, 0, 0, 0, 1
"e:\Materials\【LOOP】\Assignment\miniSys0.3\Html\Articles\Art000028.html", "HTML", 0, 0, 0, 1, 0, 0, 0, 0, 0, 1
"e:\Materials\【LOOP】\Assignment\miniSys0.3\Html\Articles\Art000029.html", "HTML", 0, 0, 0, 1, 0, 0, 0, 0, 0, 1
"e:\Materials\【LOOP】\Assignment\miniSys0.3\Html\Articles\Art000030.html", "HTML", 0, 0, 0, 1, 0, 0, 0, 0, 0, 1
"e:\Materials\【LOOP】\Assignment\miniSys0.3\Html\Articles\Art000031.html", "HTML", 0, 0, 0, 1, 0, 0, 0, 0, 0, 1
"e:\Materials\【LOOP】\Assignment\miniSys0.3\Html\Articles\Art000032.html", "HTML", 0, 0, 0, 1, 0, 0, 0, 0, 0, 1
"e:\Materials\【LOOP】\Assignment\miniSys0.3\Html\Articles\Art000033.html", "HTML", 0, 0, 0, 1, 0, 0, 0, 0, 0, 1
"e:\Materials\【LOOP】\Assignment\miniSys0.3\Html\Articles\Art000034.html", "HTML", 0, 0, 0, 1, 0, 0, 0, 0, 0, 1
"e:\Materials\【LOOP】\Assignment\miniSys0.3\Html\Articles\Art000035.html", "HTML", 0, 0, 0, 1, 0, 0, 0, 0, 0, 1
"e:\Materials\【LOOP】\Assignment\miniSys0.3\Html\Articles\Art000036.html", "HTML", 0, 0, 0, 1, 0, 0, 0, 0, 0, 1
"e:\Materials\【LOOP】\Assignment\miniSys0.3\Html\Articles\Art000037.html", "HTML", 0, 0, 0, 1, 0, 0, 0, 0, 0, 1
"e:\Materials\【LOOP】\Assignment\miniSys0.3\Html\Articles\Art000038.html", "HTML", 0, 0, 0, 1, 0, 0, 0, 0, 0, 1
"e:\Materials\【LOOP】\Assignment\miniSys0.3\Html\Articles\Art000039.html", "HTML", 0, 0, 0, 1, 0, 0, 0, 0, 0, 1
"e:\Materials\【LOOP】\Assignment\miniSys0.3\Html\Articles\Art000040.html", "HTML", 0, 0, 0, 1, 0, 0, 0, 0, 0, 1
"e:\Materials\【LOOP】\Assignment\miniSys0.3\Html\Articles\Art000041.html", "HTML", 0, 0, 0, 1, 0, 0, 0, 0, 0, 1
"e:\Materials\【LOOP】\Assignment\miniSys0.3\Html\Articles\Art000042.html", "HTML", 0, 0, 0, 1, 0, 0, 0, 0, 0, 1
"e:\Materials\【LOOP】\Assignment\miniSys0.3\Html\Articles\Art000043.html", "HTML", 0, 0, 0, 1, 0, 0, 0, 0, 0, 1
"e:\Materials\【LOOP】\Assignment\miniSys0.3\Html\Articles\Art000044.html", "HTML", 0, 0, 0, 1, 0, 0, 0, 0, 0, 1
"e:\Materials\【LOOP】\Assignment\miniSys0.3\Html\Articles\Art000045.html", "HTML", 0, 0, 0, 1, 0, 0, 0, 0, 0, 1
"e:\Materials\【LOOP】\Assignment\miniSys0.3\Html\Articles\Art000046.html", "HTML", 0, 0, 0, 1, 0, 0, 0, 0, 0, 1
"e:\Materials\【LOOP】\Assignment\miniSys0.3\Html\Articles\Art000047.html", "HTML", 0, 0, 0, 1, 0, 0, 0, 0, 0, 1
"e:\Materials\【LOOP】\Assignment\miniSys0.3\Html\Articles\Art000048.html", "HTML", 0, 0, 0, 1, 0, 0, 0, 0, 0, 1
"e:\Materials\【LOOP】\Assignment\miniSys0.3\Html\Articles\Art000049.html", "HTML", 0, 0, 0, 1, 0, 0, 0, 0, 0, 1
"e:\Materials\【LOOP】\Assignment\miniSys0.3\Html\Articles\Art000050.html", "HTML", 0, 0, 0, 1, 0, 0, 0, 0, 0, 1
"e:\Materials\【LOOP】\Assignment\miniSys0.3\Html\Articles\Art000051.html", "HTML", 0, 0, 0, 1, 0, 0, 0, 0, 0, 1
"e:\Materials\【LOOP】\Assignment\miniSys0.3\Html\Articles\Art000052.html", "HTML", 0, 0, 0, 1, 0, 0, 0, 0, 0, 1
"e:\Materials\【LOOP】\Assignment\miniSys0.3\Html\Articles\Art000053.html", "HTML", 0, 0, 0, 1, 0, 0, 0, 0, 0, 1
"e:\Materials\【LOOP】\Assignment\miniSys0.3\Html\Articles\Art000054.html", "HTML", 0, 0, 0, 1, 0, 0, 0, 0, 0, 1
"e:\Materials\【LOOP】\Assignment\miniSys0.3\Html\Articles\Art000055.html", "HTML", 0, 0, 0, 1, 0, 0, 0, 0, 0, 1
"e:\Materials\【LOOP】\Assignment\miniSys0.3\Html\Articles\Art000056.html", "HTML", 0, 0, 0, 1, 0, 0, 0, 0, 0, 1
"e:\Materials\【LOOP】\Assignment\miniSys0.3\Html\Articles\Art000057.html", "HTML", 0, 0, 0, 1, 0, 0, 0, 0, 0, 1
"e:\Materials\【LOOP】\Assignment\miniSys0.3\Html\Articles\Art000058.html", "HTML", 0, 0, 0, 1, 0, 0, 0, 0, 0, 1
"e:\Materials\【LOOP】\Assignment\miniSys0.3\Html\Articles\Art000059.html", "HTML", 0, 0, 0, 1, 0, 0, 0, 0, 0, 1
"e:\Materials\【LOOP】\Assignment\miniSys0.3\Html\Articles\Art000060.html", "HTML", 0, 0, 0, 1, 0, 0, 0, 0, 0, 1
"e:\Materials\【LOOP】\Assignment\miniSys0.3\Html\Articles\Art000061.html", "HTML", 0, 0, 0, 1, 0, 0, 0, 0, 0, 1
"e:\Materials\【LOOP】\Assignment\miniSys0.3\Html\Articles\Art000062.html", "HTML", 0, 0, 0, 1, 0, 0, 0, 0, 0, 1
"e:\Materials\【LOOP】\Assignment\miniSys0.3\Html\Articles\Art000063.html", "HTML", 0, 0, 0, 1, 0, 0, 0, 0, 0, 1
"e:\Materials\【LOOP】\Assignment\miniSys0.3\Html\Articles\Art000064.html", "HTML", 0, 0, 0, 1, 0, 0, 0, 0, 0, 1
"e:\Materials\【LOOP】\Assignment\miniSys0.3\Html\Articles\Art000065.html", "HTML", 0, 0, 0, 1, 0, 0, 0, 0, 0, 1
"e:\Materials\【LOOP】\Assignment\miniSys0.3\Html\Articles\Art000066.html", "HTML", 0, 0, 0, 1, 0, 0, 0, 0, 0, 1
"e:\Materials\【LOOP】\Assignment\miniSys0.3\Html\Articles\Art000067.html", "HTML", 0, 0, 0, 1, 0, 0, 0, 0, 0, 1
"e:\Materials\【LOOP】\Assignment\miniSys0.3\Html\Articles\Art000068.html", "HTML", 0, 0, 0, 1, 0, 0, 0, 0, 0, 1
"e:\Materials\【LOOP】\Assignment\miniSys0.3\Html\Articles\Art000069.html", "HTML", 0, 0, 0, 1, 0, 0, 0, 0, 0, 1
"e:\Materials\【LOOP】\Assignment\miniSys0.3\Html\Articles\Art000070.html", "HTML", 0, 0, 0, 1, 0, 0, 0, 0, 0, 1
"e:\Materials\【LOOP】\Assignment\miniSys0.3\Html\Articles\Art000071.html", "HTML", 0, 0, 0, 1, 0, 0, 0, 0, 0, 1
"e:\Materials\【LOOP】\Assignment\miniSys0.3\Html\Articles\Art000072.html", "HTML", 0, 0, 0, 1, 0, 0, 0, 0, 0, 1
"e:\Materials\【LOOP】\Assignment\miniSys0.3\Html\Articles\Art000073.html", "HTML", 0, 0, 0, 1, 0, 0, 0, 0, 0, 1
"e:\Materials\【LOOP】\Assignment\miniSys0.3\Html\Articles\Art000074.html", "HTML", 0, 0, 0, 1, 0, 0, 0, 0, 0, 1
"e:\Materials\【LOOP】\Assignment\miniSys0.3\Html\Articles\Art000075.html", "HTML", 0, 0, 0, 1, 0, 0, 0, 0, 0, 1
"e:\Materials\【LOOP】\Assignment\miniSys0.3\Html\Articles\Art000076.html", "HTML", 0, 0, 0, 1, 0, 0, 0, 0, 0, 1
"e:\Materials\【LOOP】\Assignment\miniSys0.3\Html\Articles\Art000077.html", "HTML", 0, 0, 0, 1, 0, 0, 0, 0, 0, 1
"e:\Materials\【LOOP】\Assignment\miniSys0.3\Html\Articles\Art000078.html", "HTML", 0, 0, 0, 1, 0, 0, 0, 0, 0, 1
"e:\Materials\【LOOP】\Assignment\miniSys0.3\Html\Articles\Art000079.html", "HTML", 0, 0, 0, 1, 0, 0, 0, 0, 0, 1
"e:\Materials\【LOOP】\Assignment\miniSys0.3\Html\Articles\Art000080.html", "HTML", 0, 0, 0, 1, 0, 0, 0, 0, 0, 1
"e:\Materials\【LOOP】\Assignment\miniSys0.3\Html\Articles\Art000081.html", "HTML", 0, 0, 0, 1, 0, 0, 0, 0, 0, 1
"e:\Materials\【LOOP】\Assignment\miniSys0.3\Html\Articles\Art000082.html", "HTML", 0, 0, 0, 1, 0, 0, 0, 0, 0, 1
"e:\Materials\【LOOP】\Assignment\miniSys0.3\Html\Articles\Art000083.html", "HTML", 0, 0, 0, 1, 0, 0, 0, 0, 0, 1
"e:\Materials\【LOOP】\Assignment\miniSys0.3\Html\Articles\Art000084.html", "HTML", 0, 0, 0, 1, 0, 0, 0, 0, 0, 1
"e:\Materials\【LOOP】\Assignment\miniSys0.3\Html\Articles\Art000085.html", "HTML", 0, 0, 0, 1, 0, 0, 0, 0, 0, 1
"e:\Materials\【LOOP】\Assignment\miniSys0.3\Html\Articles\Art000086.html", "HTML", 0, 0, 0, 1, 0, 0, 0, 0, 0, 1
"e:\Materials\【LOOP】\Assignment\miniSys0.3\Html\Articles\Art000087.html", "HTML", 0, 0, 0, 1, 0, 0, 0, 0, 0, 1
"e:\Materials\【LOOP】\Assignment\miniSys0.3\Html\Articles\Art000088.html", "HTML", 0, 0, 0, 1, 0, 0, 0, 0, 0, 1
"e:\Materials\【LOOP】\Assignment\miniSys0.3\Html\Articles\Art000089.html", "HTML", 0, 0, 0, 1, 0, 0, 0, 0, 0, 1
"e:\Materials\【LOOP】\Assignment\miniSys0.3\Html\Articles\Art000090.html", "HTML", 0, 0, 0, 1, 0, 0, 0, 0, 0, 1
"e:\Materials\【LOOP】\Assignment\miniSys0.3\Html\Articles\Art000091.html", "HTML", 0, 0, 0, 1, 0, 0, 0, 0, 0, 1
"e:\Materials\【LOOP】\Assignment\miniSys0.3\Html\Articles\Art000092.html", "HTML", 0, 0, 0, 1, 0, 0, 0, 0, 0, 1
"e:\Materials\【LOOP】\Assignment\miniSys0.3\Html\Articles\Art000093.html", "HTML", 0, 0, 0, 1, 0, 0, 0, 0, 0, 1
"e:\Materials\【LOOP】\Assignment\miniSys0.3\Html\Articles\Art000094.html", "HTML", 0, 0, 0, 1, 0, 0, 0, 0, 0, 1
"e:\Materials\【LOOP】\Assignment\miniSys0.3\Html\Articles\Art000095.html", "HTML", 0, 0, 0, 1, 0, 0, 0, 0, 0, 1
"e:\Materials\【LOOP】\Assignment\miniSys0.3\Html\Articles\Art000096.html", "HTML", 0, 0, 0, 1, 0, 0, 0, 0, 0, 1
"e:\Materials\【LOOP】\Assignment\miniSys0.3\Html\Articles\Art000097.html", "HTML", 0, 0, 0, 1, 0, 0, 0, 0, 0, 1
"e:\Materials\【LOOP】\Assignment\miniSys0.3\Html\Articles\Art000098.html", "HTML", 0, 0, 0, 1, 0, 0, 0, 0, 0, 1
"e:\Materials\【LOOP】\Assignment\miniSys0.3\Html\Articles\Art000099.html", "HTML", 0, 0, 0, 1, 0, 0, 0, 0, 0, 1
"e:\Materials\【LOOP】\Assignment\miniSys0.3\Html\Articles\Art000100.html", "HTML", 0, 0, 0, 1, 0, 0, 0, 0, 0, 1
"e:\Materials\【LOOP】\Assignment\miniSys0.3\Html\Articles\Art000101.html", "HTML", 0, 0, 0, 1, 0, 0, 0, 0, 0, 1
"e:\Materials\【LOOP】\Assignment\miniSys0.3\Html\Articles\Art000102.html", "HTML", 0, 0, 0, 1, 0, 0, 0, 0, 0, 1
"e:\Materials\【LOOP】\Assignment\miniSys0.3\Html\Articles\Art000103.html", "HTML", 0, 0, 0, 1, 0, 0, 0, 0, 0, 1
"e:\Materials\【LOOP】\Assignment\miniSys0.3\Html\Articles\Art000104.html", "HTML", 0, 0, 0, 1, 0, 0, 0, 0, 0, 1
"e:\Materials\【LOOP】\Assignment\miniSys0.3\Html\Articles\Art000105.html", "HTML", 0, 0, 0, 1, 0, 0, 0, 0, 0, 1
"e:\Materials\【LOOP】\Assignment\miniSys0.3\Html\Articles\Art000106.html", "HTML", 0, 0, 0, 1, 0, 0, 0, 0, 0, 1
"e:\Materials\【LOOP】\Assignment\miniSys0.3\Html\Articles\Art000107.html", "HTML", 0, 0, 0, 1, 0, 0, 0, 0, 0, 1
"e:\Materials\【LOOP】\Assignment\miniSys0.3\Html\Articles\Art000108.html", "HTML", 0, 0, 0, 1, 0, 0, 0, 0, 0, 1
"e:\Materials\【LOOP】\Assignment\miniSys0.3\Html\Articles\Art000109.html", "HTML", 0, 0, 0, 1, 0, 0, 0, 0, 0, 1
"e:\Materials\【LOOP】\Assignment\miniSys0.3\Html\Articles\Art000110.html", "HTML", 0, 0, 0, 1, 0, 0, 0, 0, 0, 1
"e:\Materials\【LOOP】\Assignment\miniSys0.3\Html\Articles\Art000111.html", "HTML", 0, 0, 0, 1, 0, 0, 0, 0, 0, 1
"e:\Materials\【LOOP】\Assignment\miniSys0.3\Html\Articles\Art000112.html", "HTML", 0, 0, 0, 1, 0, 0, 0, 0, 0, 1
"e:\Materials\【LOOP】\Assignment\miniSys0.3\Html\Articles\Art000113.html", "HTML", 0, 0, 0, 1, 0, 0, 0, 0, 0, 1
"e:\Materials\【LOOP】\Assignment\miniSys0.3\Html\Articles\Art000114.html", "HTML", 0, 0, 0, 1, 0, 0, 0, 0, 0, 1
"e:\Materials\【LOOP】\Assignment\miniSys0.3\Html\Articles\Art000115.html", "HTML", 0, 0, 0, 1, 0, 0, 0, 0, 0, 1
"e:\Materials\【LOOP】\Assignment\miniSys0.3\Html\Articles\Art000116.html", "HTML", 0, 0, 0, 1, 0, 0, 0, 0, 0, 1
"e:\Materials\【LOOP】\Assignment\miniSys0.3\Html\Articles\Art000117.html", "HTML", 0, 0, 0, 1, 0, 0, 0, 0, 0, 1
"e:\Materials\【LOOP】\Assignment\miniSys0.3\Html\Articles\Art000118.html", "HTML", 0, 0, 0, 1, 0, 0, 0, 0, 0, 1
"e:\Materials\【LOOP】\Assignment\miniSys0.3\Html\Articles\Art000119.html", "HTML", 0, 0, 0, 1, 0, 0, 0, 0, 0, 1
"e:\Materials\【LOOP】\Assignment\miniSys0.3\Html\Articles\Art000120.html", "HTML", 0, 0, 0, 1, 0, 0, 0, 0, 0, 1
"e:\Materials\【LOOP】\Assignment\miniSys0.3\Html\Articles\Art000121.html", "HTML", 0, 0, 0, 1, 0, 0, 0, 0, 0, 1
"e:\Materials\【LOOP】\Assignment\miniSys0.3\Html\Articles\Art000122.html", "HTML", 0, 0, 0, 1, 0, 0, 0, 0, 0, 1
"e:\Materials\【LOOP】\Assignment\miniSys0.3\Html\Articles\Art000123.html", "HTML", 0, 0, 0, 1, 0, 0, 0, 0, 0, 1
"e:\Materials\【LOOP】\Assignment\miniSys0.3\Html\Articles\Art000124.html", "HTML", 0, 0, 0, 1, 0, 0, 0, 0, 0, 1
"e:\Materials\【LOOP】\Assignment\miniSys0.3\Html\Articles\Art000125.html", "HTML", 0, 0, 0, 1, 0, 0, 0, 0, 0, 1
"e:\Materials\【LOOP】\Assignment\miniSys0.3\Html\Articles\Art000126.html", "HTML", 0, 0, 0, 1, 0, 0, 0, 0, 0, 1
"e:\Materials\【LOOP】\Assignment\miniSys0.3\Html\Articles\Art000127.html", "HTML", 0, 0, 0, 1, 0, 0, 0, 0, 0, 1
"e:\Materials\【LOOP】\Assignment\miniSys0.3\Html\Articles\Art000128.html", "HTML", 0, 0, 0, 1, 0, 0, 0, 0, 0, 1
"e:\Materials\【LOOP】\Assignment\miniSys0.3\Html\Articles\Art000129.html", "HTML", 0, 0, 0, 1, 0, 0, 0, 0, 0, 1
"e:\Materials\【LOOP】\Assignment\miniSys0.3\Html\Articles\Art000130.html", "HTML", 0, 0, 0, 1, 0, 0, 0, 0, 0, 1
"e:\Materials\【LOOP】\Assignment\miniSys0.3\Html\Articles\Art000131.html", "HTML", 0, 0, 0, 1, 0, 0, 0, 0, 0, 1
"e:\Materials\【LOOP】\Assignment\miniSys0.3\Html\Articles\Art000132.html", "HTML", 0, 0, 0, 1, 0, 0, 0, 0, 0, 1
"e:\Materials\【LOOP】\Assignment\miniSys0.3\Html\Articles\Art000133.html", "HTML", 0, 0, 0, 1, 0, 0, 0, 0, 0, 1
"e:\Materials\【LOOP】\Assignment\miniSys0.3\Html\Articles\Art000134.html", "HTML", 0, 0, 0, 1, 0, 0, 0, 0, 0, 1
"e:\Materials\【LOOP】\Assignment\miniSys0.3\Html\Articles\Art000135.html", "HTML", 0, 0, 0, 1, 0, 0, 0, 0, 0, 1
"e:\Materials\【LOOP】\Assignment\miniSys0.3\Html\Articles\Art000136.html", "HTML", 0, 0, 0, 1, 0, 0, 0, 0, 0, 1
"e:\Materials\【LOOP】\Assignment\miniSys0.3\Html\Articles\Art000137.html", "HTML", 0, 0, 0, 1, 0, 0, 0, 0, 0, 1
"e:\Materials\【LOOP】\Assignment\miniSys0.3\Html\Articles\Art000138.html", "HTML", 0, 0, 0, 1, 0, 0, 0, 0, 0, 1
"e:\Materials\【LOOP】\Assignment\miniSys0.3\Html\Articles\Art000139.html", "HTML", 0, 0, 0, 1, 0, 0, 0, 0, 0, 1
"e:\Materials\【LOOP】\Assignment\miniSys0.3\Html\Articles\Art000140.html", "HTML", 0, 0, 0, 1, 0, 0, 0, 0, 0, 1
"e:\Materials\【LOOP】\Assignment\miniSys0.3\Html\Articles\Art000141.html", "HTML", 0, 0, 0, 1, 0, 0, 0, 0, 0, 1
"e:\Materials\【LOOP】\Assignment\miniSys0.3\Html\Articles\Art000142.html", "HTML", 0, 0, 0, 1, 0, 0, 0, 0, 0, 1
"e:\Materials\【LOOP】\Assignment\miniSys0.3\Html\Articles\Art000143.html", "HTML", 0, 0, 0, 1, 0, 0, 0, 0, 0, 1
"e:\Materials\【LOOP】\Assignment\miniSys0.3\Html\Articles\Art000144.html", "HTML", 0, 0, 0, 1, 0, 0, 0, 0, 0, 1
"e:\Materials\【LOOP】\Assignment\miniSys0.3\Html\Articles\Art000145.html", "HTML", 0, 0, 0, 1, 0, 0, 0, 0, 0, 1
"e:\Materials\【LOOP】\Assignment\miniSys0.3\Html\Articles\Art000146.html", "HTML", 0, 0, 0, 1, 0, 0, 0, 0, 0, 1
"e:\Materials\【LOOP】\Assignment\miniSys0.3\Html\Articles\Art000147.html", "HTML", 0, 0, 0, 1, 0, 0, 0, 0, 0, 1
"e:\Materials\【LOOP】\Assignment\miniSys0.3\Html\Articles\Art000148.html", "HTML", 0, 0, 0, 1, 0, 0, 0, 0, 0, 1
"e:\Materials\【LOOP】\Assignment\miniSys0.3\Html\Articles\Art000149.html", "HTML", 0, 0, 0, 1, 0, 0, 0, 0, 0, 1
"e:\Materials\【LOOP】\Assignment\miniSys0.3\Html\Articles\Art000150.html", "HTML", 0, 0, 0, 1, 0, 0, 0, 0, 0, 1
"e:\Materials\【LOOP】\Assignment\miniSys0.3\Html\Articles\Art000151.html", "HTML", 0, 0, 0, 1, 0, 0, 0, 0, 0, 1
"e:\Materials\【LOOP】\Assignment\miniSys0.3\Html\Articles\Art000152.html", "HTML", 0, 0, 0, 1, 0, 0, 0, 0, 0, 1
"e:\Materials\【LOOP】\Assignment\miniSys0.3\Html\Articles\Art000153.html", "HTML", 0, 0, 0, 1, 0, 0, 0, 0, 0, 1
"e:\Materials\【LOOP】\Assignment\miniSys0.3\Html\Articles\Art000154.html", "HTML", 0, 0, 0, 1, 0, 0, 0, 0, 0, 1
"e:\Materials\【LOOP】\Assignment\miniSys0.3\Html\Articles\Art000155.html", "HTML", 0, 0, 0, 1, 0, 0, 0, 0, 0, 1
"e:\Materials\【LOOP】\Assignment\miniSys0.3\Html\Articles\Art000156.html", "HTML", 0, 0, 0, 1, 0, 0, 0, 0, 0, 1
"e:\Materials\【LOOP】\Assignment\miniSys0.3\Html\Articles\Art000157.html", "HTML", 0, 0, 0, 1, 0, 0, 0, 0, 0, 1
"e:\Materials\【LOOP】\Assignment\miniSys0.3\Html\Articles\Art000158.html", "HTML", 0, 0, 0, 1, 0, 0, 0, 0, 0, 1
"e:\Materials\【LOOP】\Assignment\miniSys0.3\Html\Articles\Art000159.html", "HTML", 0, 0, 0, 1, 0, 0, 0, 0, 0, 1
"e:\Materials\【LOOP】\Assignment\miniSys0.3\Html\Articles\Art000160.html", "HTML", 0, 0, 0, 1, 0, 0, 0, 0, 0, 1
"e:\Materials\【LOOP】\Assignment\miniSys0.3\Html\Articles\Art000161.html", "HTML", 0, 0, 0, 1, 0, 0, 0, 0, 0, 1
"e:\Materials\【LOOP】\Assignment\miniSys0.3\Html\Articles\Art000162.html", "HTML", 0, 0, 0, 1, 0, 0, 0, 0, 0, 1
"e:\Materials\【LOOP】\Assignment\miniSys0.3\Html\Articles\Art000163.html", "HTML", 0, 0, 0, 1, 0, 0, 0, 0, 0, 1
"e:\Materials\【LOOP】\Assignment\miniSys0.3\Html\Articles\Art000164.html", "HTML", 0, 0, 0, 1, 0, 0, 0, 0, 0, 1
"e:\Materials\【LOOP】\Assignment\miniSys0.3\Html\Articles\Art000165.html", "HTML", 0, 0, 0, 1, 0, 0, 0, 0, 0, 1
"e:\Materials\【LOOP】\Assignment\miniSys0.3\Html\Articles\Art000166.html", "HTML", 0, 0, 0, 1, 0, 0, 0, 0, 0, 1
"e:\Materials\【LOOP】\Assignment\miniSys0.3\Html\Articles\Art000167.html", "HTML", 0, 0, 0, 1, 0, 0, 0, 0, 0, 1
"e:\Materials\【LOOP】\Assignment\miniSys0.3\Html\Articles\Art000168.html", "HTML", 0, 0, 0, 1, 0, 0, 0, 0, 0, 1
"e:\Materials\【LOOP】\Assignment\miniSys0.3\Html\Articles\Art000169.html", "HTML", 0, 0, 0, 1, 0, 0, 0, 0, 0, 1
"e:\Materials\【LOOP】\Assignment\miniSys0.3\Html\Articles\Art000170.html", "HTML", 0, 0, 0, 1, 0, 0, 0, 0, 0, 1
"e:\Materials\【LOOP】\Assignment\miniSys0.3\Html\Articles\Art000171.html", "HTML", 0, 0, 0, 1, 0, 0, 0, 0, 0, 1
"e:\Materials\【LOOP】\Assignment\miniSys0.3\Html\Articles\Art000172.html", "HTML", 0, 0, 0, 1, 0, 0, 0, 0, 0, 1
"e:\Materials\【LOOP】\Assignment\miniSys0.3\Html\Articles\Art000173.html", "HTML", 0, 0, 0, 1, 0, 0, 0, 0, 0, 1
"e:\Materials\【LOOP】\Assignment\miniSys0.3\Html\Articles\Art000174.html", "HTML", 0, 0, 0, 1, 0, 0, 0, 0, 0, 1
"e:\Materials\【LOOP】\Assignment\miniSys0.3\Html\Articles\Art000175.html", "HTML", 0, 0, 0, 1, 0, 0, 0, 0, 0, 1
"e:\Materials\【LOOP】\Assignment\miniSys0.3\Html\Articles\Art000176.html", "HTML", 0, 0, 0, 1, 0, 0, 0, 0, 0, 1
"e:\Materials\【LOOP】\Assignment\miniSys0.3\Html\Articles\Art000177.html", "HTML", 0, 0, 0, 1, 0, 0, 0, 0, 0, 1
"e:\Materials\【LOOP】\Assignment\miniSys0.3\Html\Articles\Art000178.html", "HTML", 0, 0, 0, 1, 0, 0, 0, 0, 0, 1
"e:\Materials\【LOOP】\Assignment\miniSys0.3\Html\Articles\Art000179.html", "HTML", 0, 0, 0, 1, 0, 0, 0, 0, 0, 1
"e:\Materials\【LOOP】\Assignment\miniSys0.3\Html\Articles\Art000180.html", "HTML", 0, 0, 0, 1, 0, 0, 0, 0, 0, 1
"e:\Materials\【LOOP】\Assignment\miniSys0.3\Html\Articles\Art000181.html", "HTML", 0, 0, 0, 1, 0, 0, 0, 0, 0, 1
"e:\Materials\【LOOP】\Assignment\miniSys0.3\Html\Articles\Art000182.html", "HTML", 0, 0, 0, 1, 0, 0, 0, 0, 0, 1
"e:\Materials\【LOOP】\Assignment\miniSys0.3\Html\Articles\Art000183.html", "HTML", 0, 0, 0, 1, 0, 0, 0, 0, 0, 1
"e:\Materials\【LOOP】\Assignment\miniSys0.3\Html\Articles\Art000184.html", "HTML", 0, 0, 0, 1, 0, 0, 0, 0, 0, 1
"e:\Materials\【LOOP】\Assignment\miniSys0.3\Html\Articles\Art000185.html", "HTML", 0, 0, 0, 1, 0, 0, 0, 0, 0, 1
"e:\Materials\【LOOP】\Assignment\miniSys0.3\Html\Articles\Art000186.html", "HTML", 0, 0, 0, 1, 0, 0, 0, 0, 0, 1
"e:\Materials\【LOOP】\Assignment\miniSys0.3\Html\Articles\Art000187.html", "HTML", 0, 0, 0, 1, 0, 0, 0, 0, 0, 1
"e:\Materials\【LOOP】\Assignment\miniSys0.3\Html\Articles\Art000188.html", "HTML", 0, 0, 0, 1, 0, 0, 0, 0, 0, 1
"e:\Materials\【LOOP】\Assignment\miniSys0.3\Html\Articles\Art000189.html", "HTML", 0, 0, 0, 1, 0, 0, 0, 0, 0, 1
"e:\Materials\【LOOP】\Assignment\miniSys0.3\Html\Articles\Art000190.html", "HTML", 0, 0, 0, 1, 0, 0, 0, 0, 0, 1
"e:\Materials\【LOOP】\Assignment\miniSys0.3\Html\Articles\Art000191.html", "HTML", 0, 0, 0, 1, 0, 0, 0, 0, 0, 1
"e:\Materials\【LOOP】\Assignment\miniSys0.3\Html\Articles\Art000192.html", "HTML", 0, 0, 0, 1, 0, 0, 0, 0, 0, 1
"e:\Materials\【LOOP】\Assignment\miniSys0.3\Html\Articles\Art000193.html", "HTML", 0, 0, 0, 1, 0, 0, 0, 0, 0, 1
"e:\Materials\【LOOP】\Assignment\miniSys0.3\Html\Articles\Art000194.html", "HTML", 0, 0, 0, 1, 0, 0, 0, 0, 0, 1
"e:\Materials\【LOOP】\Assignment\miniSys0.3\Html\Articles\Art000195.html", "HTML", 0, 0, 0, 1, 0, 0, 0, 0, 0, 1
"e:\Materials\【LOOP】\Assignment\miniSys0.3\Html\Articles\Art000196.html", "HTML", 0, 0, 0, 1, 0, 0, 0, 0, 0, 1
"e:\Materials\【LOOP】\Assignment\miniSys0.3\Html\Articles\Art000197.html", "HTML", 0, 0, 0, 1, 0, 0, 0, 0, 0, 1
"e:\Materials\【LOOP】\Assignment\miniSys0.3\Html\Articles\Art000198.html", "HTML", 0, 0, 0, 1, 0, 0, 0, 0, 0, 1
"e:\Materials\【LOOP】\Assignment\miniSys0.3\Html\Articles\Art000199.html", "HTML", 0, 0, 0, 1, 0, 0, 0, 0, 0, 1
"e:\Materials\【LOOP】\Assignment\miniSys0.3\Html\Articles\Art000200.html", "HTML", 0, 0, 0, 47, 0, 0, 0, 0, 3, 50
"e:\Materials\【LOOP】\Assignment\miniSys0.3\Html\Articles\iconfont.css", "CSS", 0, 0, 0, 0, 32, 0, 0, 0, 10, 42
"e:\Materials\【LOOP】\Assignment\miniSys0.3\Html\Articles\index.html", "HTML", 0, 0, 0, 1, 0, 0, 0, 0, 0, 1
"e:\Materials\【LOOP】\Assignment\miniSys0.3\Html\Articles\index0.html", "HTML", 0, 0, 0, 136, 0, 0, 0, 7, 24, 167
"e:\Materials\【LOOP】\Assignment\miniSys0.3\Html\Articles\newsIndex.json", "JSON", 0, 0, 0, 0, 0, 0, 1, 0, 0, 1
"e:\Materials\【LOOP】\Assignment\miniSys0.3\Html\Articles\newsMore.html", "HTML", 0, 0, 0, 146, 0, 0, 0, 0, 23, 169
"e:\Materials\【LOOP】\Assignment\miniSys0.3\Html\Articles\noticeIndex.json", "JSON", 0, 0, 0, 0, 0, 0, 1, 0, 0, 1
"e:\Materials\【LOOP】\Assignment\miniSys0.3\Html\Articles\noticeMore.html", "HTML", 0, 0, 0, 146, 0, 0, 0, 0, 23, 169
"e:\Materials\【LOOP】\Assignment\miniSys0.3\Html\Articles\qr2.html", "HTML", 0, 0, 0, 20, 0, 0, 0, 7, 3, 30
"e:\Materials\【LOOP】\Assignment\miniSys0.3\Html\Articles\qrcode.js", "JavaScript", 0, 0, 414, 0, 0, 0, 0, 127, 74, 615
"e:\Materials\【LOOP】\Assignment\miniSys0.3\Html\Articles\qrcode.min.js", "JavaScript", 0, 0, 1, 0, 0, 0, 0, 7, 0, 8
"e:\Materials\【LOOP】\Assignment\miniSys0.3\Html\Articles\script.js", "JavaScript", 0, 0, 201, 0, 0, 0, 0, 6, 40, 247
"e:\Materials\【LOOP】\Assignment\miniSys0.3\Html\Articles\style.css", "CSS", 0, 0, 0, 0, 130, 0, 0, 8, 30, 168
"e:\Materials\【LOOP】\Assignment\miniSys0.3\Html\Document\Doc000001.html", "HTML", 0, 0, 0, 47, 0, 0, 0, 0, 3, 50
"e:\Materials\【LOOP】\Assignment\miniSys0.3\Html\Document\Doc000002.html", "HTML", 0, 0, 0, 47, 0, 0, 0, 0, 3, 50
"e:\Materials\【LOOP】\Assignment\miniSys0.3\Html\Document\Doc000003.html", "HTML", 0, 0, 0, 47, 0, 0, 0, 0, 3, 50
"e:\Materials\【LOOP】\Assignment\miniSys0.3\Html\Document\Doc000004.html", "HTML", 0, 0, 0, 47, 0, 0, 0, 0, 3, 50
"e:\Materials\【LOOP】\Assignment\miniSys0.3\Html\Document\Doc000005.html", "HTML", 0, 0, 0, 47, 0, 0, 0, 0, 3, 50
"e:\Materials\【LOOP】\Assignment\miniSys0.3\Html\Document\Doc000006.html", "HTML", 0, 0, 0, 47, 0, 0, 0, 0, 3, 50
"e:\Materials\【LOOP】\Assignment\miniSys0.3\Html\Document\Doc000007.html", "HTML", 0, 0, 0, 47, 0, 0, 0, 0, 3, 50
"e:\Materials\【LOOP】\Assignment\miniSys0.3\Html\Document\Doc000008.html", "HTML", 0, 0, 0, 47, 0, 0, 0, 0, 3, 50
"e:\Materials\【LOOP】\Assignment\miniSys0.3\Html\Document\docMore.html", "HTML", 0, 0, 0, 219, 0, 0, 0, 0, 27, 246
"e:\Materials\【LOOP】\Assignment\miniSys0.3\Html\Document\iconfont.css", "CSS", 0, 0, 0, 0, 32, 0, 0, 0, 10, 42
"e:\Materials\【LOOP】\Assignment\miniSys0.3\Html\Document\qrcode.js", "JavaScript", 0, 0, 414, 0, 0, 0, 0, 127, 74, 615
"e:\Materials\【LOOP】\Assignment\miniSys0.3\Html\Document\qrcode.min.js", "JavaScript", 0, 0, 1, 0, 0, 0, 0, 7, 0, 8
"e:\Materials\【LOOP】\Assignment\miniSys0.3\Html\Document\script.js", "JavaScript", 0, 0, 196, 0, 0, 0, 0, 10, 35, 241
"e:\Materials\【LOOP】\Assignment\miniSys0.3\Html\Document\style.css", "CSS", 0, 0, 0, 0, 129, 0, 0, 8, 30, 167
"e:\Materials\【LOOP】\Assignment\miniSys0.3\Html\Document\theme.json", "JSON", 0, 0, 0, 0, 0, 0, 1, 0, 0, 1
"e:\Materials\【LOOP】\Assignment\miniSys0.3\Html\adminIncomeAnalysis.css", "CSS", 0, 0, 0, 0, 151, 0, 0, 11, 33, 195
"e:\Materials\【LOOP】\Assignment\miniSys0.3\Html\adminIncomeAnalysis.html", "HTML", 0, 0, 0, 109, 0, 0, 0, 0, 4, 113
"e:\Materials\【LOOP】\Assignment\miniSys0.3\Html\adminIncomeAnalysis.js", "JavaScript", 0, 0, 497, 0, 0, 0, 0, 10, 37, 544
"e:\Materials\【LOOP】\Assignment\miniSys0.3\Html\adminServiceReport.css", "CSS", 0, 0, 0, 0, 222, 0, 0, 11, 48, 281
"e:\Materials\【LOOP】\Assignment\miniSys0.3\Html\adminServiceReport.html", "HTML", 0, 0, 0, 130, 0, 0, 0, 0, 3, 133
"e:\Materials\【LOOP】\Assignment\miniSys0.3\Html\adminServiceReport.js", "JavaScript", 0, 0, 575, 0, 0, 0, 0, 13, 45, 633
"e:\Materials\【LOOP】\Assignment\miniSys0.3\Html\chart.js", "JavaScript", 0, 0, 13165, 0, 0, 0, 0, 19, 74, 13258
"e:\Materials\【LOOP】\Assignment\miniSys0.3\Html\chart1.js", "JavaScript", 0, 0, 13165, 0, 0, 0, 0, 19, 74, 13258
"e:\Materials\【LOOP】\Assignment\miniSys0.3\Html\mainLineChart.html", "HTML", 0, 0, 0, 105, 0, 0, 0, 7, 8, 120
"e:\Materials\【LOOP】\Assignment\miniSys0.3\Html\mainPieChart.html", "HTML", 0, 0, 0, 81, 0, 0, 0, 9, 6, 96
"e:\Materials\【LOOP】\Assignment\miniSys0.3\Html\paramentForIncomeAnalysis copy.js", "JavaScript", 0, 0, 19, 0, 0, 0, 0, 0, 12, 31
"e:\Materials\【LOOP】\Assignment\miniSys0.3\Html\paramentForIncomeAnalysis.js", "JavaScript", 0, 0, 21, 0, 0, 0, 0, 0, 1, 22
"e:\Materials\【LOOP】\Assignment\miniSys0.3\Html\parameterForLineChart.js", "JavaScript", 0, 0, 1, 0, 0, 0, 0, 0, 0, 1
"e:\Materials\【LOOP】\Assignment\miniSys0.3\Html\parameterForPieChart.js", "JavaScript", 0, 0, 1, 0, 0, 0, 0, 0, 0, 1
"e:\Materials\【LOOP】\Assignment\miniSys0.3\Html\parameterForServiceReport copy.js", "JavaScript", 0, 0, 32, 0, 0, 0, 0, 1, 8, 41
"e:\Materials\【LOOP】\Assignment\miniSys0.3\Html\parameterForServiceReport.js", "JavaScript", 0, 0, 33, 0, 0, 0, 0, 0, 1, 34
"e:\Materials\【LOOP】\Assignment\miniSys0.3\Html\qrcode.min.js", "JavaScript", 0, 0, 1, 0, 0, 0, 0, 0, 0, 1
"e:\Materials\【LOOP】\Assignment\miniSys0.3\Html\romdomData.py", "Python", 0, 0, 0, 0, 0, 29, 0, 0, 4, 33
"e:\Materials\【LOOP】\Assignment\miniSys0.3\Html\serverReportargs.py", "Python", 0, 0, 0, 0, 0, 36, 0, 3, 3, 42
"e:\Materials\【LOOP】\Assignment\miniSys0.3\Html\serviceReport\adminServiceReport.css", "CSS", 0, 0, 0, 0, 218, 0, 0, 4, 45, 267
"e:\Materials\【LOOP】\Assignment\miniSys0.3\Html\serviceReport\adminServiceReport.html", "HTML", 0, 0, 0, 130, 0, 0, 0, 0, 3, 133
"e:\Materials\【LOOP】\Assignment\miniSys0.3\Html\serviceReport\adminServiceReport.js", "JavaScript", 0, 0, 509, 0, 0, 0, 0, 13, 34, 556
"e:\Materials\【LOOP】\Assignment\miniSys0.3\Html\serviceReport\parameterForServiceReport.js", "JavaScript", 0, 0, 32, 0, 0, 0, 0, 1, 8, 41
"e:\Materials\【LOOP】\Assignment\miniSys0.3\Html\test.html", "HTML", 0, 0, 0, 28, 0, 0, 0, 0, 3, 31
"e:\Materials\【LOOP】\Assignment\miniSys0.3\IconFont.cs", "C#", 22, 0, 0, 0, 0, 0, 0, 0, 3, 25
"e:\Materials\【LOOP】\Assignment\miniSys0.3\IconFontfile\IconFont.cs", "C#", 22, 0, 0, 0, 0, 0, 0, 0, 3, 25
"e:\Materials\【LOOP】\Assignment\miniSys0.3\Loading.Designer.cs", "C#", 172, 0, 0, 0, 0, 0, 0, 64, 6, 242
"e:\Materials\【LOOP】\Assignment\miniSys0.3\Loading.cs", "C#", 69, 0, 0, 0, 0, 0, 0, 2, 9, 80
"e:\Materials\【LOOP】\Assignment\miniSys0.3\Login.Designer.cs", "C#", 142, 0, 0, 0, 0, 0, 0, 41, 8, 191
"e:\Materials\【LOOP】\Assignment\miniSys0.3\Login.cs", "C#", 52, 0, 0, 0, 0, 0, 0, 5, 16, 73
"e:\Materials\【LOOP】\Assignment\miniSys0.3\Main.Designer.cs", "C#", 258, 0, 0, 0, 0, 0, 0, 80, 6, 344
"e:\Materials\【LOOP】\Assignment\miniSys0.3\Main.cs", "C#", 894, 0, 0, 0, 0, 0, 0, 60, 189, 1143
"e:\Materials\【LOOP】\Assignment\miniSys0.3\MessageBoxForm.Designer.cs", "C#", 102, 0, 0, 0, 0, 0, 0, 29, 6, 137
"e:\Materials\【LOOP】\Assignment\miniSys0.3\MessageBoxForm.cs", "C#", 126, 0, 0, 0, 0, 0, 0, 1, 25, 152
"e:\Materials\【LOOP】\Assignment\miniSys0.3\OrderDetails.Designer.cs", "C#", 625, 0, 0, 0, 0, 0, 0, 155, 6, 786
"e:\Materials\【LOOP】\Assignment\miniSys0.3\OrderDetails.cs", "C#", 197, 0, 0, 0, 0, 0, 0, 8, 35, 240
"e:\Materials\【LOOP】\Assignment\miniSys0.3\Program.cs", "C#", 18, 0, 0, 0, 0, 0, 0, 14, 3, 35
"e:\Materials\【LOOP】\Assignment\miniSys0.3\Properties\AssemblyInfo.cs", "C#", 15, 0, 0, 0, 0, 0, 0, 17, 5, 37
"e:\Materials\【LOOP】\Assignment\miniSys0.3\Properties\Resources.Designer.cs", "C#", 224, 0, 0, 0, 0, 0, 0, 119, 41, 384
"e:\Materials\【LOOP】\Assignment\miniSys0.3\Properties\Settings.Designer.cs", "C#", 16, 0, 0, 0, 0, 0, 0, 9, 6, 31
"e:\Materials\【LOOP】\Assignment\miniSys0.3\Reader.Designer.cs", "C#", 43, 0, 0, 0, 0, 0, 0, 17, 6, 66
"e:\Materials\【LOOP】\Assignment\miniSys0.3\Reader.cs", "C#", 86, 0, 0, 0, 0, 0, 0, 4, 18, 108
"e:\Materials\【LOOP】\Assignment\miniSys0.3\SQLCursor.cs", "C#", 400, 0, 0, 0, 0, 0, 0, 27, 61, 488
"e:\Materials\【LOOP】\Assignment\miniSys0.3\SearchBox.Designer.cs", "C#", 236, 0, 0, 0, 0, 0, 0, 59, 6, 301
"e:\Materials\【LOOP】\Assignment\miniSys0.3\SearchBox.cs", "C#", 463, 0, 0, 0, 0, 0, 0, 14, 51, 528
"e:\Materials\【LOOP】\Assignment\miniSys0.3\SettingForm.Designer.cs", "C#", 112, 0, 0, 0, 0, 0, 0, 32, 6, 150
"e:\Materials\【LOOP】\Assignment\miniSys0.3\SettingForm.cs", "C#", 182, 0, 0, 0, 0, 0, 0, 3, 26, 211
"e:\Materials\【LOOP】\Assignment\miniSys0.3\StateContainer.cs", "C#", 466, 0, 0, 0, 0, 0, 0, 26, 65, 557
"e:\Materials\【LOOP】\Assignment\miniSys0.3\TestForm.Designer.cs", "C#", 338, 0, 0, 0, 0, 0, 0, 122, 6, 466
"e:\Materials\【LOOP】\Assignment\miniSys0.3\TestForm.cs", "C#", 245, 0, 0, 0, 0, 0, 0, 32, 45, 322
"e:\Materials\【LOOP】\Assignment\miniSys0.3\VideoPlayer.Designer.cs", "C#", 43, 0, 0, 0, 0, 0, 0, 17, 6, 66
"e:\Materials\【LOOP】\Assignment\miniSys0.3\VideoPlayer.cs", "C#", 27, 0, 0, 0, 0, 0, 0, 0, 3, 30
"e:\Materials\【LOOP】\Assignment\miniSys0.3\ViewProfile.Designer.cs", "C#", 458, 0, 0, 0, 0, 0, 0, 104, 6, 568
"e:\Materials\【LOOP】\Assignment\miniSys0.3\ViewProfile.cs", "C#", 214, 0, 0, 0, 0, 0, 0, 9, 44, 267
"e:\Materials\【LOOP】\Assignment\miniSys0.3\miniSys0.3.csproj", "XML", 0, 892, 0, 0, 0, 0, 0, 0, 0, 892
"Total", "-", 33955, 1896, 29278, 1919, 914, 65, 3, 4268, 4204, 76502